marca,unidades_vendidas,market_share_%
Huawei,110825023,13.357364242054443
Asus,101653189,12.251914189446206
Msi,93113386,11.222640690207777
Hp,85511118,10.30636510557095
Samsung,84990764,10.243648602342162
Apple,75260386,9.070879135297945
Acer,74222326,8.945765283301657
Lenovo,71606079,8.63043790343563
Microsoft,68740250,8.285029251380195
Dell,63769782,7.685955596963034
